{"cameraMode":{"drawMode":0,"name":"Shaded","section":"Shading Mode"},"sceneLighting":true,"audioPlay":false,"sceneViewState":{"showFog":true,"showMaterialUpdate":false,"showSkybox":true,"showFlares":true,"showImageEffects":true,"showParticleSystems":true},"in2DMode":false,"pivot":{"x":0.7172770500183106,"y":-1.0215811729431153,"z":1.9356918334960938},"rotation":{"x":0.0827784389257431,"y":0.9148867130279541,"z":-0.24319182336330415,"w":0.31142866611480715},"size":12.739361763000489,"orthographic":false}