{"cameraMode":{"drawMode":0,"name":"Shaded","section":"Shading Mode"},"sceneLighting":true,"audioPlay":false,"sceneViewState":{"showFog":true,"showMaterialUpdate":false,"showSkybox":true,"showFlares":true,"showImageEffects":true,"showParticleSystems":true},"in2DMode":false,"pivot":{"x":-0.7945451736450195,"y":-0.6499999761581421,"z":1.9200000762939454},"rotation":{"x":-0.11780901253223419,"y":-0.5144047141075134,"z":0.07161146402359009,"w":-0.8463927507400513},"size":46.69820785522461,"orthographic":false}